{"stats":{"minecraft:custom":{"minecraft:jump":20,"minecraft:time_since_rest":3328,"minecraft:damage_dealt":80,"minecraft:sprint_one_cm":2359,"minecraft:play_time":3328,"minecraft:damage_taken":70,"minecraft:time_since_death":3328,"minecraft:walk_one_cm":5100,"minecraft:sneak_time":6,"minecraft:total_world_time":3328,"minecraft:mob_kills":1,"minecraft:interact_with_crafting_table":2,"minecraft:fall_one_cm":836,"minecraft:fly_one_cm":3842},"minecraft:picked_up":{"minecraft:mutton":2,"minecraft:acacia_log":13,"minecraft:white_wool":1},"minecraft:used":{"minecraft:wooden_axe":14},"minecraft:crafted":{"minecraft:stick":4,"minecraft:wooden_pickaxe":1,"minecraft:wooden_axe":1,"minecraft:acacia_planks":52},"minecraft:mined":{"minecraft:acacia_log":14},"minecraft:killed":{"minecraft:sheep":1}},"DataVersion":3953}