{"stats":{"minecraft:custom":{"minecraft:waystone_activated":1,"minecraft:time_since_rest":7903,"minecraft:interact_with_furnace":17,"minecraft:sprint_one_cm":35943,"minecraft:damage_taken":90,"minecraft:walk_one_cm":39444,"minecraft:mob_kills":6,"minecraft:drop":1,"minecraft:damage_dealt":498,"minecraft:talked_to_villager":1,"minecraft:swim_one_cm":8417,"minecraft:interact_with_crafting_table":5,"minecraft:fly_one_cm":55102,"minecraft:open_barrel":1,"minecraft:open_chest":17,"minecraft:crouch_one_cm":1143,"minecraft:play_time":16399,"minecraft:sneak_time":376,"minecraft:walk_under_water_one_cm":68,"minecraft:jump":283,"minecraft:leave_game":1,"minecraft:walk_on_water_one_cm":1517,"minecraft:time_since_death":16399,"minecraft:sleep_in_bed":1,"minecraft:total_world_time":16399,"minecraft:fall_one_cm":7325},"minecraft:picked_up":{"minecraft:crafting_table":3,"minecraft:coarse_dirt":1,"minecraft:brown_terracotta":4,"minecraft:acacia_log":13,"minecraft:white_bed":2,"minecraft:red_bed":2,"minecraft:light_gray_terracotta":2,"minecraft:stonecutter":1,"minecraft:wheat_seeds":1,"minecraft:white_terracotta":3,"minecraft:sugar_cane":8,"minecraft:mutton":9,"minecraft:white_wool":6,"minecraft:cobblestone":19,"minecraft:furnace":5},"minecraft:used":{"minecraft:cooked_mutton":2,"minecraft:brown_terracotta":4,"minecraft:wooden_axe":21,"minecraft:stone_pickaxe":6,"minecraft:wooden_pickaxe":30,"minecraft:white_terracotta":3,"minecraft:stone_axe":4,"minecraft:crafting_table":3,"minecraft:furnace":1,"minecraft:light_gray_terracotta":2,"minecraft:white_bed":4,"minecraft:coarse_dirt":1,"minecraft:acacia_planks":2},"minecraft:crafted":{"minecraft:crafting_table":1,"minecraft:stick":12,"minecraft:wooden_pickaxe":1,"minecraft:wooden_axe":2,"minecraft:stone_pickaxe":1,"minecraft:furnace":1,"minecraft:white_bed":2,"minecraft:acacia_planks":52,"minecraft:stone_axe":2,"minecraft:air":0,"minecraft:cooked_mutton":8},"minecraft:mined":{"minecraft:white_terracotta":3,"minecraft:coarse_dirt":1,"minecraft:white_bed":1,"minecraft:furnace":5,"minecraft:red_bed":2,"minecraft:crafting_table":3,"minecraft:light_gray_terracotta":2,"minecraft:short_grass":2,"minecraft:acacia_log":14,"minecraft:brown_terracotta":4,"minecraft:stonecutter":1,"minecraft:stone":19,"minecraft:sugar_cane":3},"minecraft:killed":{"minecraft:sheep":6},"minecraft:dropped":{"minecraft:stone_axe":1}},"DataVersion":3953}