{"stats":{"minecraft:custom":{"minecraft:jump":11,"minecraft:time_since_rest":3191,"minecraft:damage_dealt":70,"minecraft:sprint_one_cm":1128,"minecraft:play_time":3191,"minecraft:time_since_death":3191,"minecraft:walk_one_cm":3747,"minecraft:total_world_time":3191,"minecraft:interact_with_crafting_table":1,"minecraft:fly_one_cm":84},"minecraft:picked_up":{"minecraft:acacia_log":6},"minecraft:used":{"minecraft:wooden_axe":1,"minecraft:crafting_table":1},"minecraft:crafted":{"minecraft:crafting_table":1,"minecraft:stick":16,"minecraft:wooden_pickaxe":1,"minecraft:wooden_axe":1,"minecraft:acacia_planks":20},"minecraft:mined":{"minecraft:short_grass":1,"minecraft:acacia_log":5}},"DataVersion":3953}