{"stats":{"minecraft:custom":{"minecraft:time_since_rest":7903,"minecraft:sprint_one_cm":74691,"minecraft:interact_with_furnace":3,"minecraft:walk_one_cm":54305,"minecraft:mob_kills":2,"minecraft:drop":1,"minecraft:damage_dealt":230,"minecraft:interact_with_crafting_table":1,"minecraft:swim_one_cm":7572,"minecraft:talked_to_villager":1,"minecraft:interact_with_cartography_table":1,"minecraft:fly_one_cm":20708,"minecraft:open_barrel":2,"minecraft:open_chest":9,"minecraft:play_time":16262,"minecraft:walk_under_water_one_cm":50,"minecraft:jump":157,"minecraft:time_since_death":16262,"minecraft:walk_on_water_one_cm":1714,"minecraft:sleep_in_bed":1,"minecraft:total_world_time":16262,"minecraft:fall_one_cm":1045},"minecraft:picked_up":{"minecraft:black_terracotta":4,"minecraft:brown_wool":1,"minecraft:acacia_log":6,"minecraft:white_bed":1,"minecraft:light_gray_terracotta":5,"minecraft:stone_axe":1,"minecraft:white_terracotta":10,"minecraft:mutton":3,"minecraft:white_wool":1},"minecraft:used":{"minecraft:cooked_mutton":1,"minecraft:wooden_axe":5,"minecraft:wooden_pickaxe":19,"minecraft:crafting_table":1},"minecraft:crafted":{"minecraft:crafting_table":1,"minecraft:stick":16,"minecraft:wooden_pickaxe":1,"minecraft:wooden_axe":1,"minecraft:acacia_planks":20,"minecraft:cooked_mutton":4},"minecraft:mined":{"minecraft:white_terracotta":10,"minecraft:white_bed":1,"minecraft:black_terracotta":4,"minecraft:light_gray_terracotta":5,"minecraft:short_grass":1,"minecraft:acacia_log":5},"minecraft:killed":{"minecraft:sheep":2},"minecraft:dropped":{"minecraft:white_bed":1}},"DataVersion":3953}