{
  "minecraft:recipes/redstone/lever": {
    "criteria": {
      "has_cobblestone": "2024-11-24 22:29:04 +0000"
    },
    "done": true
  },
  "minecraft:recipes/redstone/acacia_button": {
    "criteria": {
      "has_planks": "2024-11-24 22:25:53 +0000"
    },
    "done": true
  },
  "minecraft:recipes/decorations/blast_furnace": {
    "criteria": {
      "has_smooth_stone": "2024-11-24 22:36:32 +0000"
    },
    "done": true
  },
  "minecraft:recipes/decorations/ladder": {
    "criteria": {
      "has_stick": "2024-11-24 22:29:58 +0000"
    },
    "done": true
  },
  "gobber2:recipes/misc/gobber2_hoe": {
    "criteria": {
      "has_stick": "2024-11-24 22:29:58 +0000"
    },
    "done": true
  },
  "gobber2:recipes/combat/gobber2_chestplate": {
    "criteria": {
      "has_stick": "2024-11-24 22:29:58 +0000"
    },
    "done": true
  },
  "cookingforblockheads:recipes/decorations/white_oven": {
    "criteria": {
      "has_furnace": "2024-11-24 22:31:20 +0000"
    },
    "done": true
  },
  "handcrafted:recipes/misc/acacia_table": {
    "criteria": {
      "has_acacia_table": "2024-11-24 22:25:53 +0000"
    },
    "done": true
  },
  "deeperdarker:recipes/transportation/echo_boat": {
    "criteria": {
      "in_water": "2024-11-24 22:33:53 +0000"
    },
    "done": true
  },
  "minecraft:recipes/food/cooked_mutton_from_smoking": {
    "criteria": {
      "has_mutton": "2024-11-24 22:26:31 +0000"
    },
    "done": true
  },
  "mcwfurnitures:recipes/acacia": {
    "criteria": {
      "has_wood": "2024-11-24 22:25:49 +0000"
    },
    "done": true
  },
  "minecraft:recipes/food/baked_potato_from_campfire_cooking": {
    "criteria": {
      "has_potato": "2024-11-24 22:35:40 +0000"
    },
    "done": true
  },
  "minecraft:recipes/redstone/acacia_pressure_plate": {
    "criteria": {
      "has_planks": "2024-11-24 22:25:53 +0000"
    },
    "done": true
  },
  "minecraft:recipes/decorations/light_gray_glazed_terracotta": {
    "criteria": {
      "has_light_gray_terracotta": "2024-11-24 22:28:52 +0000"
    },
    "done": true
  },
  "gobber2:recipes/misc/gobber2_hammer": {
    "criteria": {
      "has_stick": "2024-11-24 22:29:58 +0000"
    },
    "done": true
  },
  "gobber2:recipes/combat/gobber2_leggings_end": {
    "criteria": {
      "has_stick": "2024-11-24 22:29:58 +0000"
    },
    "done": true
  },
  "gobber2:recipes/misc/gobber2_pickaxe_nether": {
    "criteria": {
      "has_stick": "2024-11-24 22:29:58 +0000"
    },
    "done": true
  },
  "minecraft:recipes/building_blocks/bookshelf": {
    "criteria": {
      "has_book": "2024-11-24 22:36:50 +0000"
    },
    "done": true
  },
  "minecraft:recipes/combat/stone_sword": {
    "criteria": {
      "has_cobblestone": "2024-11-24 22:29:04 +0000"
    },
    "done": true
  },
  "minecraft:recipes/decorations/cobblestone_wall": {
    "criteria": {
      "has_cobblestone": "2024-11-24 22:29:04 +0000"
    },
    "done": true
  },
  "gobber2:recipes/combat/gobber2_sword": {
    "criteria": {
      "has_stick": "2024-11-24 22:29:58 +0000"
    },
    "done": true
  },
  "minecraft:recipes/tools/stone_axe": {
    "criteria": {
      "has_cobblestone": "2024-11-24 22:29:04 +0000"
    },
    "done": true
  },
  "mcwdoors:recipes/acacia": {
    "criteria": {
      "has_wood": "2024-11-24 22:25:49 +0000"
    },
    "done": true
  },
  "minecraft:recipes/decorations/white_glazed_terracotta": {
    "criteria": {
      "has_white_terracotta": "2024-11-24 22:28:54 +0000"
    },
    "done": true
  },
  "minecraft:recipes/building_blocks/acacia_slab": {
    "criteria": {
      "has_planks": "2024-11-24 22:25:53 +0000"
    },
    "done": true
  },
  "minecraft:story/mine_stone": {
    "criteria": {
      "get_stone": "2024-11-24 22:29:04 +0000"
    },
    "done": true
  },
  "minecraft:recipes/decorations/furnace": {
    "criteria": {
      "has_cobblestone": "2024-11-24 22:29:04 +0000"
    },
    "done": true
  },
  "cookingforblockheads:recipes/misc/recipe_book": {
    "criteria": {
      "has_book": "2024-11-24 22:36:50 +0000"
    },
    "done": true
  },
  "deeperdarker:recipes/transportation/bloom_boat": {
    "criteria": {
      "in_water": "2024-11-24 22:33:53 +0000"
    },
    "done": true
  },
  "handcrafted:recipes/misc/acacia_shelf": {
    "criteria": {
      "has_acacia_shelf": "2024-11-24 22:25:53 +0000"
    },
    "done": true
  },
  "minecraft:recipes/food/baked_potato": {
    "criteria": {
      "has_potato": "2024-11-24 22:35:40 +0000"
    },
    "done": true
  },
  "handcrafted:recipes/misc/acacia_drawer": {
    "criteria": {
      "has_acacia_drawer": "2024-11-24 22:25:53 +0000"
    },
    "done": true
  },
  "minecraft:recipes/tools/wooden_axe": {
    "criteria": {
      "has_the_recipe": "2024-11-24 22:26:07 +0000"
    },
    "done": true
  },
  "minecraft:recipes/decorations/painting": {
    "criteria": {
      "has_wool": "2024-11-24 22:26:31 +0000"
    },
    "done": true
  },
  "minecraft:recipes/redstone/acacia_trapdoor": {
    "criteria": {
      "has_planks": "2024-11-24 22:25:53 +0000"
    },
    "done": true
  },
  "gobber2:recipes/misc/gobber2_medallion_nether": {
    "criteria": {
      "has_stick": "2024-11-24 22:29:58 +0000"
    },
    "done": true
  },
  "minecraft:recipes/decorations/smoker": {
    "criteria": {
      "has_furnace": "2024-11-24 22:31:20 +0000"
    },
    "done": true
  },
  "gobber2:recipes/misc/gobber2_shovel_nether": {
    "criteria": {
      "has_stick": "2024-11-24 22:29:58 +0000"
    },
    "done": true
  },
  "gobber2:recipes/misc/gobber2_hoe_nether": {
    "criteria": {
      "has_stick": "2024-11-24 22:29:58 +0000"
    },
    "done": true
  },
  "minecraft:recipes/decorations/crafting_table": {
    "criteria": {
      "unlock_right_away": "2024-11-24 22:23:44 +0000"
    },
    "done": true
  },
  "minecraft:recipes/decorations/chest": {
    "criteria": {
      "has_lots_of_items": "2024-11-24 22:28:59 +0000"
    },
    "done": true
  },
  "senti:register": {
    "criteria": {
      "requirement": "2024-11-24 22:23:44 +0000"
    },
    "done": true
  },
  "minecraft:recipes/misc/stick": {
    "criteria": {
      "has_planks": "2024-11-24 22:25:53 +0000"
    },
    "done": true
  },
  "minecraft:recipes/building_blocks/emerald_block": {
    "criteria": {
      "has_emerald": "2024-11-24 22:34:53 +0000"
    },
    "done": true
  },
  "backpacks:tree/root": {
    "criteria": {
      "requirement": "2024-11-24 22:23:44 +0000"
    },
    "done": true
  },
  "gobber2:recipes/combat/gobber2_chestplate_nether": {
    "criteria": {
      "has_stick": "2024-11-24 22:29:58 +0000"
    },
    "done": true
  },
  "gobber2:recipes/misc/gobber2_tree_axe_nether": {
    "criteria": {
      "has_stick": "2024-11-24 22:29:58 +0000"
    },
    "done": true
  },
  "handcrafted:recipes/misc/acacia_cupboard": {
    "criteria": {
      "has_acacia_cupboard": "2024-11-24 22:25:53 +0000"
    },
    "done": true
  },
  "minecraft:recipes/redstone/lectern": {
    "criteria": {
      "has_book": "2024-11-24 22:36:50 +0000"
    },
    "done": true
  },
  "minecraft:adventure/sleep_in_bed": {
    "criteria": {
      "slept_in_bed": "2024-11-24 22:30:45 +0000"
    },
    "done": true
  },
  "minecraft:recipes/building_blocks/cobblestone_slab_from_cobblestone_stonecutting": {
    "criteria": {
      "has_cobblestone": "2024-11-24 22:29:04 +0000"
    },
    "done": true
  },
  "handcrafted:recipes/misc/acacia_side_table": {
    "criteria": {
      "has_acacia_side_table": "2024-11-24 22:25:53 +0000"
    },
    "done": true
  },
  "handcrafted:recipes/misc/acacia_chair": {
    "criteria": {
      "has_acacia_chair": "2024-11-24 22:25:53 +0000"
    },
    "done": true
  },
  "minecraft:recipes/transportation/cherry_boat": {
    "criteria": {
      "in_water": "2024-11-24 22:33:53 +0000"
    },
    "done": true
  },
  "minecraft:recipes/decorations/brown_glazed_terracotta": {
    "criteria": {
      "has_brown_terracotta": "2024-11-24 22:28:59 +0000"
    },
    "done": true
  },
  "gobber2:recipes/misc/gobber2_paxel": {
    "criteria": {
      "has_stick": "2024-11-24 22:29:58 +0000"
    },
    "done": true
  },
  "gobber2:recipes/misc/gobber2_excavator": {
    "criteria": {
      "has_stick": "2024-11-24 22:29:58 +0000"
    },
    "done": true
  },
  "minecraft:recipes/building_blocks/chiseled_bookshelf": {
    "criteria": {
      "has_book": "2024-11-24 22:36:50 +0000"
    },
    "done": true
  },
  "gobber2:recipes/combat/gobber2_boots": {
    "criteria": {
      "has_stick": "2024-11-24 22:29:58 +0000"
    },
    "done": true
  },
  "gobber2:recipes/combat/gobber2_chestplate_end": {
    "criteria": {
      "has_stick": "2024-11-24 22:29:58 +0000"
    },
    "done": true
  },
  "gobber2:recipes/misc/gobber2_ring": {
    "criteria": {
      "has_stick": "2024-11-24 22:29:58 +0000"
    },
    "done": true
  },
  "minecraft:recipes/building_blocks/stone": {
    "criteria": {
      "has_cobblestone": "2024-11-24 22:29:04 +0000"
    },
    "done": true
  },
  "handcrafted:recipes/misc/white_sheet": {
    "criteria": {
      "has_white_sheet": "2024-11-24 22:26:31 +0000"
    },
    "done": true
  },
  "minecraft:recipes/transportation/bamboo_raft": {
    "criteria": {
      "in_water": "2024-11-24 22:33:53 +0000"
    },
    "done": true
  },
  "handcrafted:recipes/misc/acacia_desk": {
    "criteria": {
      "has_acacia_desk": "2024-11-24 22:25:53 +0000"
    },
    "done": true
  },
  "handcrafted:recipes/misc/white_cushion": {
    "criteria": {
      "has_white_cushion": "2024-11-24 22:26:31 +0000"
    },
    "done": true
  },
  "gobber2:recipes/misc/gobber2_rod": {
    "criteria": {
      "has_stick": "2024-11-24 22:29:58 +0000"
    },
    "done": true
  },
  "minecraft:recipes/building_blocks/acacia_stairs": {
    "criteria": {
      "has_planks": "2024-11-24 22:25:53 +0000"
    },
    "done": true
  },
  "minecraft:recipes/misc/writable_book": {
    "criteria": {
      "has_book": "2024-11-24 22:36:50 +0000"
    },
    "done": true
  },
  "minecraft:recipes/misc/green_dye": {
    "criteria": {
      "has_cactus": "2024-11-24 22:35:04 +0000"
    },
    "done": true
  },
  "minecraft:recipes/food/bread": {
    "criteria": {
      "has_wheat": "2024-11-24 22:34:56 +0000"
    },
    "done": true
  },
  "handcrafted:recipes/misc/fox_trophy": {
    "criteria": {
      "has_fox_trophy": "2024-11-24 22:25:53 +0000"
    },
    "done": true
  },
  "minecraft:recipes/transportation/spruce_boat": {
    "criteria": {
      "in_water": "2024-11-24 22:33:53 +0000"
    },
    "done": true
  },
  "minecraft:recipes/building_blocks/hay_block": {
    "criteria": {
      "has_wheat": "2024-11-24 22:34:56 +0000"
    },
    "done": true
  },
  "minecraft:recipes/building_blocks/smooth_stone_slab": {
    "criteria": {
      "has_smooth_stone": "2024-11-24 22:36:32 +0000"
    },
    "done": true
  },
  "minecraft:husbandry/root": {
    "criteria": {
      "consumed_item": "2024-11-24 22:31:54 +0000"
    },
    "done": true
  },
  "minecraft:recipes/transportation/birch_boat": {
    "criteria": {
      "in_water": "2024-11-24 22:33:53 +0000"
    },
    "done": true
  },
  "minecraft:recipes/redstone/acacia_door": {
    "criteria": {
      "has_planks": "2024-11-24 22:25:53 +0000"
    },
    "done": true
  },
  "gobber2:recipes/misc/gobber2_axe": {
    "criteria": {
      "has_stick": "2024-11-24 22:29:58 +0000"
    },
    "done": true
  },
  "handcrafted:recipes/misc/acacia_nightstand": {
    "criteria": {
      "has_acacia_nightstand": "2024-11-24 22:25:53 +0000"
    },
    "done": true
  },
  "handcrafted:recipes/misc/salmon_trophy": {
    "criteria": {
      "has_salmon_trophy": "2024-11-24 22:25:53 +0000"
    },
    "done": true
  },
  "minecraft:recipes/decorations/white_carpet": {
    "criteria": {
      "has_white_wool": "2024-11-24 22:26:31 +0000"
    },
    "done": true
  },
  "minecraft:recipes/transportation/oak_boat": {
    "criteria": {
      "in_water": "2024-11-24 22:33:53 +0000"
    },
    "done": true
  },
  "minecraft:recipes/building_blocks/smooth_stone_slab_from_smooth_stone_stonecutting": {
    "criteria": {
      "has_smooth_stone": "2024-11-24 22:36:32 +0000"
    },
    "done": true
  },
  "minecraft:recipes/misc/paper": {
    "criteria": {
      "has_reeds": "2024-11-24 22:34:16 +0000"
    },
    "done": true
  },
  "minecraft:recipes/redstone/acacia_fence_gate": {
    "criteria": {
      "has_planks": "2024-11-24 22:25:53 +0000"
    },
    "done": true
  },
  "handcrafted:recipes/misc/silverfish_trophy": {
    "criteria": {
      "has_silverfish_trophy": "2024-11-24 22:25:53 +0000"
    },
    "done": true
  },
  "gobber2:recipes/misc/gobber2_hoe_end": {
    "criteria": {
      "has_stick": "2024-11-24 22:29:58 +0000"
    },
    "done": true
  },
  "handcrafted:recipes/misc/tropical_fish_trophy": {
    "criteria": {
      "has_tropical_fish_trophy": "2024-11-24 22:25:53 +0000"
    },
    "done": true
  },
  "gobber2:recipes/misc/gobber2_excavator_nether": {
    "criteria": {
      "has_stick": "2024-11-24 22:29:58 +0000"
    },
    "done": true
  },
  "handcrafted:recipes/misc/acacia_fancy_bed": {
    "criteria": {
      "has_acacia_fancy_bed": "2024-11-24 22:25:53 +0000"
    },
    "done": true
  },
  "gobber2:recipes/combat/gobber2_leggings_nether": {
    "criteria": {
      "has_stick": "2024-11-24 22:29:58 +0000"
    },
    "done": true
  },
  "gobber2:recipes/misc/gobber2_rod_nether": {
    "criteria": {
      "has_stick": "2024-11-24 22:29:58 +0000"
    },
    "done": true
  },
  "handcrafted:recipes/misc/acacia_dining_bench": {
    "criteria": {
      "has_acacia_dining_bench": "2024-11-24 22:25:53 +0000"
    },
    "done": true
  },
  "handcrafted:recipes/misc/spider_trophy": {
    "criteria": {
      "has_spider_trophy": "2024-11-24 22:25:53 +0000"
    },
    "done": true
  },
  "handcrafted:recipes/misc/acacia_counter": {
    "criteria": {
      "has_acacia_counter": "2024-11-24 22:25:53 +0000"
    },
    "done": true
  },
  "handcrafted:recipes/misc/bear_trophy": {
    "criteria": {
      "has_bear_trophy": "2024-11-24 22:25:53 +0000"
    },
    "done": true
  },
  "minecraft:recipes/transportation/mangrove_boat": {
    "criteria": {
      "in_water": "2024-11-24 22:33:53 +0000"
    },
    "done": true
  },
  "minecraft:recipes/decorations/torch": {
    "criteria": {
      "has_stone_pickaxe": "2024-11-24 22:30:10 +0000"
    },
    "done": true
  },
  "handcrafted:recipes/misc/acacia_corner_trim": {
    "criteria": {
      "has_acacia_corner_trim": "2024-11-24 22:25:53 +0000"
    },
    "done": true
  },
  "gobber2:recipes/combat/gobber2_boots_end": {
    "criteria": {
      "has_stick": "2024-11-24 22:29:58 +0000"
    },
    "done": true
  },
  "handcrafted:recipes/misc/pufferfish_trophy": {
    "criteria": {
      "has_pufferfish_trophy": "2024-11-24 22:25:53 +0000"
    },
    "done": true
  },
  "gobber2:recipes/misc/gobber2_ring_nether": {
    "criteria": {
      "has_stick": "2024-11-24 22:29:58 +0000"
    },
    "done": true
  },
  "gobber2:recipes/misc/gobber2_shovel": {
    "criteria": {
      "has_stick": "2024-11-24 22:29:58 +0000"
    },
    "done": true
  },
  "minecraft:recipes/tools/stone_pickaxe": {
    "criteria": {
      "has_cobblestone": "2024-11-24 22:29:04 +0000"
    },
    "done": true
  },
  "gobber2:recipes/combat/gobber2_helmet_end": {
    "criteria": {
      "has_stick": "2024-11-24 22:29:58 +0000"
    },
    "done": true
  },
  "mcwlights:recipes/paper_lamp": {
    "criteria": {
      "has_the_recipe": "2024-11-24 22:30:10 +0000"
    },
    "done": true
  },
  "minecraft:recipes/decorations/acacia_sign": {
    "criteria": {
      "has_planks": "2024-11-24 22:25:53 +0000"
    },
    "done": true
  },
  "gobber2:recipes/combat/gobber2_sword_end": {
    "criteria": {
      "has_stick": "2024-11-24 22:29:58 +0000"
    },
    "done": true
  },
  "gobber2:recipes/misc/gobber2_bow": {
    "criteria": {
      "has_stick": "2024-11-24 22:29:58 +0000"
    },
    "done": true
  },
  "minecraft:recipes/food/cooked_mutton": {
    "criteria": {
      "has_mutton": "2024-11-24 22:26:31 +0000"
    },
    "done": true
  },
  "minecraft:recipes/decorations/campfire": {
    "criteria": {
      "has_stick": "2024-11-24 22:29:58 +0000"
    },
    "done": true
  },
  "minecraft:recipes/misc/sugar_from_sugar_cane": {
    "criteria": {
      "has_sugar_cane": "2024-11-24 22:34:16 +0000"
    },
    "done": true
  },
  "minecraft:recipes/tools/wooden_hoe": {
    "criteria": {
      "has_stick": "2024-11-24 22:29:58 +0000"
    },
    "done": true
  },
  "gobber2:recipes/combat/gobber2_helmet": {
    "criteria": {
      "has_stick": "2024-11-24 22:29:58 +0000"
    },
    "done": true
  },
  "minecraft:recipes/decorations/white_banner": {
    "criteria": {
      "has_white_wool": "2024-11-24 22:26:31 +0000"
    },
    "done": true
  },
  "minecraft:recipes/misc/charcoal": {
    "criteria": {
      "has_log": "2024-11-24 22:25:49 +0000"
    },
    "done": true
  },
  "minecraft:recipes/tools/wooden_pickaxe": {
    "criteria": {
      "has_the_recipe": "2024-11-24 22:26:09 +0000"
    },
    "done": true
  },
  "minecraft:recipes/food/baked_potato_from_smoking": {
    "criteria": {
      "has_potato": "2024-11-24 22:35:40 +0000"
    },
    "done": true
  },
  "gobber2:recipes/misc/gobber2_pickaxe": {
    "criteria": {
      "has_stick": "2024-11-24 22:29:58 +0000"
    },
    "done": true
  },
  "minecraft:story/upgrade_tools": {
    "criteria": {
      "stone_pickaxe": "2024-11-24 22:30:10 +0000"
    },
    "done": true
  },
  "gobber2:recipes/misc/gobber2_axe_end": {
    "criteria": {
      "has_stick": "2024-11-24 22:29:58 +0000"
    },
    "done": true
  },
  "gobber2:recipes/misc/gobber2_bow_nether": {
    "criteria": {
      "has_stick": "2024-11-24 22:29:58 +0000"
    },
    "done": true
  },
  "minecraft:recipes/transportation/carrot_on_a_stick": {
    "criteria": {
      "has_carrot": "2024-11-24 22:35:53 +0000"
    },
    "done": true
  },
  "handcrafted:recipes/misc/goat_trophy": {
    "criteria": {
      "has_goat_trophy": "2024-11-24 22:25:53 +0000"
    },
    "done": true
  },
  "gobber2:recipes/misc/gobber2_medallion_end": {
    "criteria": {
      "has_stick": "2024-11-24 22:29:58 +0000"
    },
    "done": true
  },
  "minecraft:recipes/food/cooked_mutton_from_campfire_cooking": {
    "criteria": {
      "has_mutton": "2024-11-24 22:26:31 +0000"
    },
    "done": true
  },
  "minecraft:recipes/tools/wooden_shovel": {
    "criteria": {
      "has_stick": "2024-11-24 22:29:58 +0000"
    },
    "done": true
  },
  "gobber2:recipes/misc/gobber2_paxel_end": {
    "criteria": {
      "has_stick": "2024-11-24 22:29:58 +0000"
    },
    "done": true
  },
  "minecraft:recipes/building_blocks/cobblestone_slab": {
    "criteria": {
      "has_cobblestone": "2024-11-24 22:29:04 +0000"
    },
    "done": true
  },
  "gobber2:recipes/misc/gobber2_tree_axe_end": {
    "criteria": {
      "has_stick": "2024-11-24 22:29:58 +0000"
    },
    "done": true
  },
  "minecraft:recipes/decorations/acacia_fence": {
    "criteria": {
      "has_planks": "2024-11-24 22:25:53 +0000"
    },
    "done": true
  },
  "minecraft:recipes/transportation/acacia_boat": {
    "criteria": {
      "in_water": "2024-11-24 22:33:53 +0000"
    },
    "done": true
  },
  "minecraft:adventure/root": {
    "criteria": {
      "killed_something": "2024-11-24 22:26:30 +0000"
    },
    "done": true
  },
  "gobber2:recipes/combat/gobber2_helmet_nether": {
    "criteria": {
      "has_stick": "2024-11-24 22:29:58 +0000"
    },
    "done": true
  },
  "gobber2:recipes/combat/gobber2_sword_nether": {
    "criteria": {
      "has_stick": "2024-11-24 22:29:58 +0000"
    },
    "done": true
  },
  "gobber2:recipes/misc/gobber2_pickaxe_end": {
    "criteria": {
      "has_stick": "2024-11-24 22:29:58 +0000"
    },
    "done": true
  },
  "minecraft:recipes/building_blocks/acacia_wood": {
    "criteria": {
      "has_log": "2024-11-24 22:25:49 +0000"
    },
    "done": true
  },
  "handcrafted:recipes/misc/acacia_couch": {
    "criteria": {
      "has_acacia_couch": "2024-11-24 22:25:53 +0000"
    },
    "done": true
  },
  "gobber2:recipes/misc/gobber2_medallion": {
    "criteria": {
      "has_stick": "2024-11-24 22:29:58 +0000"
    },
    "done": true
  },
  "handcrafted:recipes/misc/stackable_book": {
    "criteria": {
      "has_stackable_book": "2024-11-24 22:36:50 +0000"
    },
    "done": true
  },
  "minecraft:recipes/combat/wooden_sword": {
    "criteria": {
      "has_stick": "2024-11-24 22:29:58 +0000"
    },
    "done": true
  },
  "gobber2:recipes/combat/gobber2_leggings": {
    "criteria": {
      "has_stick": "2024-11-24 22:29:58 +0000"
    },
    "done": true
  },
  "minecraft:adventure/adventuring_time": {
    "criteria": {
      "minecraft:beach": "2024-11-24 22:34:08 +0000",
      "minecraft:river": "2024-11-24 22:34:01 +0000"
    },
    "done": false
  },
  "minecraft:recipes/decorations/barrel": {
    "criteria": {
      "has_planks": "2024-11-24 22:25:53 +0000"
    },
    "done": true
  },
  "gobber2:recipes/misc/gobber2_rod_end": {
    "criteria": {
      "has_stick": "2024-11-24 22:29:58 +0000"
    },
    "done": true
  },
  "minecraft:recipes/decorations/cobblestone_wall_from_cobblestone_stonecutting": {
    "criteria": {
      "has_cobblestone": "2024-11-24 22:29:04 +0000"
    },
    "done": true
  },
  "gobber2:recipes/misc/gobber2_axe_nether": {
    "criteria": {
      "has_stick": "2024-11-24 22:29:58 +0000"
    },
    "done": true
  },
  "senti:tick": {
    "criteria": {
      "requirement": "2024-11-24 22:23:44 +0000"
    },
    "done": true
  },
  "gobber2:recipes/misc/gobber2_ring_end": {
    "criteria": {
      "has_stick": "2024-11-24 22:29:58 +0000"
    },
    "done": true
  },
  "minecraft:recipes/building_blocks/cobblestone_stairs_from_cobblestone_stonecutting": {
    "criteria": {
      "has_cobblestone": "2024-11-24 22:29:04 +0000"
    },
    "done": true
  },
  "minecraft:recipes/decorations/white_bed": {
    "criteria": {
      "has_white_wool": "2024-11-24 22:26:31 +0000"
    },
    "done": true
  },
  "gobber2:recipes/combat/gobber2_boots_nether": {
    "criteria": {
      "has_stick": "2024-11-24 22:29:58 +0000"
    },
    "done": true
  },
  "gobber2:recipes/misc/gobber2_excavator_end": {
    "criteria": {
      "has_stick": "2024-11-24 22:29:58 +0000"
    },
    "done": true
  },
  "mcwlights:recipes/tiki_torches": {
    "criteria": {
      "has_the_recipe": "2024-11-24 22:30:10 +0000"
    },
    "done": true
  },
  "minecraft:husbandry/balanced_diet": {
    "criteria": {
      "cooked_mutton": "2024-11-24 22:31:54 +0000"
    },
    "done": false
  },
  "gobber2:recipes/misc/gobber2_tree_axe": {
    "criteria": {
      "has_stick": "2024-11-24 22:29:58 +0000"
    },
    "done": true
  },
  "minecraft:recipes/building_blocks/cobblestone_stairs": {
    "criteria": {
      "has_cobblestone": "2024-11-24 22:29:04 +0000"
    },
    "done": true
  },
  "minecraft:recipes/tools/stone_hoe": {
    "criteria": {
      "has_cobblestone": "2024-11-24 22:29:04 +0000"
    },
    "done": true
  },
  "handcrafted:recipes/misc/skeleton_horse_trophy": {
    "criteria": {
      "has_skeleton_horse_trophy": "2024-11-24 22:25:53 +0000"
    },
    "done": true
  },
  "gobber2:recipes/misc/gobber2_hammer_nether": {
    "criteria": {
      "has_stick": "2024-11-24 22:29:58 +0000"
    },
    "done": true
  },
  "cookingforblockheads:recipes/decorations/spice_rack": {
    "criteria": {
      "has_planks": "2024-11-24 22:25:53 +0000"
    },
    "done": true
  },
  "minecraft:recipes/tools/stone_shovel": {
    "criteria": {
      "has_cobblestone": "2024-11-24 22:29:04 +0000"
    },
    "done": true
  },
  "handcrafted:recipes/misc/acacia_pillar_trim": {
    "criteria": {
      "has_acacia_pillar_trim": "2024-11-24 22:25:53 +0000"
    },
    "done": true
  },
  "handcrafted:recipes/misc/blaze_trophy": {
    "criteria": {
      "has_blaze_trophy": "2024-11-24 22:25:53 +0000"
    },
    "done": true
  },
  "gobber2:recipes/misc/gobber2_bow_end": {
    "criteria": {
      "has_stick": "2024-11-24 22:29:58 +0000"
    },
    "done": true
  },
  "cookingforblockheads:recipes/decorations/fruit_basket": {
    "criteria": {
      "has_planks": "2024-11-24 22:25:53 +0000"
    },
    "done": true
  },
  "minecraft:story/root": {
    "criteria": {
      "crafting_table": "2024-11-24 22:29:51 +0000"
    },
    "done": true
  },
  "minecraft:recipes/building_blocks/acacia_planks": {
    "criteria": {
      "has_log": "2024-11-24 22:25:49 +0000"
    },
    "done": true
  },
  "mcwlights:recipes/lantern": {
    "criteria": {
      "has_the_recipe": "2024-11-24 22:30:10 +0000"
    },
    "done": true
  },
  "mcwlights:recipes/torches": {
    "criteria": {
      "has_the_recipe": "2024-11-24 22:30:10 +0000"
    },
    "done": true
  },
  "handcrafted:recipes/misc/wither_skeleton_trophy": {
    "criteria": {
      "has_wither_skeleton_trophy": "2024-11-24 22:25:53 +0000"
    },
    "done": true
  },
  "minecraft:recipes/transportation/jungle_boat": {
    "criteria": {
      "in_water": "2024-11-24 22:33:53 +0000"
    },
    "done": true
  },
  "handcrafted:recipes/misc/acacia_bench": {
    "criteria": {
      "has_acacia_bench": "2024-11-24 22:25:53 +0000"
    },
    "done": true
  },
  "minecraft:recipes/transportation/dark_oak_boat": {
    "criteria": {
      "in_water": "2024-11-24 22:33:53 +0000"
    },
    "done": true
  },
  "gobber2:recipes/misc/gobber2_hammer_end": {
    "criteria": {
      "has_stick": "2024-11-24 22:29:58 +0000"
    },
    "done": true
  },
  "gobber2:recipes/misc/gobber2_paxel_nether": {
    "criteria": {
      "has_stick": "2024-11-24 22:29:58 +0000"
    },
    "done": true
  },
  "handcrafted:recipes/misc/wolf_trophy": {
    "criteria": {
      "has_wolf_trophy": "2024-11-24 22:25:53 +0000"
    },
    "done": true
  },
  "gobber2:recipes/misc/gobber2_shovel_end": {
    "criteria": {
      "has_stick": "2024-11-24 22:29:58 +0000"
    },
    "done": true
  },
  "DataVersion": 3953
}