{
  "minecraft:recipes/decorations/crafting_table": {
    "criteria": {
      "unlock_right_away": "2024-11-24 22:23:52 +0000"
    },
    "done": true
  },
  "senti:register": {
    "criteria": {
      "requirement": "2024-11-24 22:23:52 +0000"
    },
    "done": true
  },
  "backpacks:tree/root": {
    "criteria": {
      "requirement": "2024-11-24 22:23:52 +0000"
    },
    "done": true
  },
  "senti:tick": {
    "criteria": {
      "requirement": "2024-11-24 22:23:52 +0000"
    },
    "done": true
  },
  "mcwfurnitures:recipes/acacia": {
    "criteria": {
      "has_wood": "2024-11-24 22:24:26 +0000"
    },
    "done": true
  },
  "mcwdoors:recipes/acacia": {
    "criteria": {
      "has_wood": "2024-11-24 22:24:26 +0000"
    },
    "done": true
  },
  "minecraft:recipes/misc/charcoal": {
    "criteria": {
      "has_log": "2024-11-24 22:24:26 +0000"
    },
    "done": true
  },
  "minecraft:recipes/building_blocks/acacia_wood": {
    "criteria": {
      "has_log": "2024-11-24 22:24:26 +0000"
    },
    "done": true
  },
  "minecraft:recipes/building_blocks/acacia_planks": {
    "criteria": {
      "has_log": "2024-11-24 22:24:26 +0000"
    },
    "done": true
  },
  "minecraft:story/root": {
    "criteria": {
      "crafting_table": "2024-11-24 22:25:05 +0000"
    },
    "done": true
  },
  "minecraft:recipes/redstone/acacia_button": {
    "criteria": {
      "has_planks": "2024-11-24 22:25:18 +0000"
    },
    "done": true
  },
  "handcrafted:recipes/misc/acacia_table": {
    "criteria": {
      "has_acacia_table": "2024-11-24 22:25:18 +0000"
    },
    "done": true
  },
  "minecraft:recipes/redstone/acacia_pressure_plate": {
    "criteria": {
      "has_planks": "2024-11-24 22:25:18 +0000"
    },
    "done": true
  },
  "minecraft:recipes/building_blocks/acacia_slab": {
    "criteria": {
      "has_planks": "2024-11-24 22:25:18 +0000"
    },
    "done": true
  },
  "handcrafted:recipes/misc/acacia_shelf": {
    "criteria": {
      "has_acacia_shelf": "2024-11-24 22:25:18 +0000"
    },
    "done": true
  },
  "handcrafted:recipes/misc/acacia_drawer": {
    "criteria": {
      "has_acacia_drawer": "2024-11-24 22:25:18 +0000"
    },
    "done": true
  },
  "minecraft:recipes/redstone/acacia_trapdoor": {
    "criteria": {
      "has_planks": "2024-11-24 22:25:18 +0000"
    },
    "done": true
  },
  "minecraft:recipes/misc/stick": {
    "criteria": {
      "has_planks": "2024-11-24 22:25:18 +0000"
    },
    "done": true
  },
  "handcrafted:recipes/misc/acacia_cupboard": {
    "criteria": {
      "has_acacia_cupboard": "2024-11-24 22:25:18 +0000"
    },
    "done": true
  },
  "handcrafted:recipes/misc/acacia_side_table": {
    "criteria": {
      "has_acacia_side_table": "2024-11-24 22:25:18 +0000"
    },
    "done": true
  },
  "handcrafted:recipes/misc/acacia_chair": {
    "criteria": {
      "has_acacia_chair": "2024-11-24 22:25:18 +0000"
    },
    "done": true
  },
  "handcrafted:recipes/misc/acacia_desk": {
    "criteria": {
      "has_acacia_desk": "2024-11-24 22:25:18 +0000"
    },
    "done": true
  },
  "minecraft:recipes/building_blocks/acacia_stairs": {
    "criteria": {
      "has_planks": "2024-11-24 22:25:18 +0000"
    },
    "done": true
  },
  "handcrafted:recipes/misc/fox_trophy": {
    "criteria": {
      "has_fox_trophy": "2024-11-24 22:25:18 +0000"
    },
    "done": true
  },
  "minecraft:recipes/redstone/acacia_door": {
    "criteria": {
      "has_planks": "2024-11-24 22:25:18 +0000"
    },
    "done": true
  },
  "handcrafted:recipes/misc/acacia_nightstand": {
    "criteria": {
      "has_acacia_nightstand": "2024-11-24 22:25:18 +0000"
    },
    "done": true
  },
  "handcrafted:recipes/misc/salmon_trophy": {
    "criteria": {
      "has_salmon_trophy": "2024-11-24 22:25:18 +0000"
    },
    "done": true
  },
  "minecraft:recipes/redstone/acacia_fence_gate": {
    "criteria": {
      "has_planks": "2024-11-24 22:25:18 +0000"
    },
    "done": true
  },
  "handcrafted:recipes/misc/silverfish_trophy": {
    "criteria": {
      "has_silverfish_trophy": "2024-11-24 22:25:18 +0000"
    },
    "done": true
  },
  "handcrafted:recipes/misc/tropical_fish_trophy": {
    "criteria": {
      "has_tropical_fish_trophy": "2024-11-24 22:25:18 +0000"
    },
    "done": true
  },
  "handcrafted:recipes/misc/acacia_fancy_bed": {
    "criteria": {
      "has_acacia_fancy_bed": "2024-11-24 22:25:18 +0000"
    },
    "done": true
  },
  "handcrafted:recipes/misc/acacia_dining_bench": {
    "criteria": {
      "has_acacia_dining_bench": "2024-11-24 22:25:18 +0000"
    },
    "done": true
  },
  "handcrafted:recipes/misc/spider_trophy": {
    "criteria": {
      "has_spider_trophy": "2024-11-24 22:25:18 +0000"
    },
    "done": true
  },
  "handcrafted:recipes/misc/acacia_counter": {
    "criteria": {
      "has_acacia_counter": "2024-11-24 22:25:18 +0000"
    },
    "done": true
  },
  "handcrafted:recipes/misc/bear_trophy": {
    "criteria": {
      "has_bear_trophy": "2024-11-24 22:25:18 +0000"
    },
    "done": true
  },
  "handcrafted:recipes/misc/acacia_corner_trim": {
    "criteria": {
      "has_acacia_corner_trim": "2024-11-24 22:25:18 +0000"
    },
    "done": true
  },
  "handcrafted:recipes/misc/pufferfish_trophy": {
    "criteria": {
      "has_pufferfish_trophy": "2024-11-24 22:25:18 +0000"
    },
    "done": true
  },
  "minecraft:recipes/decorations/acacia_sign": {
    "criteria": {
      "has_planks": "2024-11-24 22:25:18 +0000"
    },
    "done": true
  },
  "handcrafted:recipes/misc/goat_trophy": {
    "criteria": {
      "has_goat_trophy": "2024-11-24 22:25:18 +0000"
    },
    "done": true
  },
  "minecraft:recipes/decorations/acacia_fence": {
    "criteria": {
      "has_planks": "2024-11-24 22:25:18 +0000"
    },
    "done": true
  },
  "handcrafted:recipes/misc/acacia_couch": {
    "criteria": {
      "has_acacia_couch": "2024-11-24 22:25:18 +0000"
    },
    "done": true
  },
  "minecraft:recipes/decorations/barrel": {
    "criteria": {
      "has_planks": "2024-11-24 22:25:18 +0000"
    },
    "done": true
  },
  "handcrafted:recipes/misc/skeleton_horse_trophy": {
    "criteria": {
      "has_skeleton_horse_trophy": "2024-11-24 22:25:18 +0000"
    },
    "done": true
  },
  "cookingforblockheads:recipes/decorations/spice_rack": {
    "criteria": {
      "has_planks": "2024-11-24 22:25:18 +0000"
    },
    "done": true
  },
  "handcrafted:recipes/misc/acacia_pillar_trim": {
    "criteria": {
      "has_acacia_pillar_trim": "2024-11-24 22:25:18 +0000"
    },
    "done": true
  },
  "handcrafted:recipes/misc/blaze_trophy": {
    "criteria": {
      "has_blaze_trophy": "2024-11-24 22:25:18 +0000"
    },
    "done": true
  },
  "cookingforblockheads:recipes/decorations/fruit_basket": {
    "criteria": {
      "has_planks": "2024-11-24 22:25:18 +0000"
    },
    "done": true
  },
  "handcrafted:recipes/misc/wither_skeleton_trophy": {
    "criteria": {
      "has_wither_skeleton_trophy": "2024-11-24 22:25:18 +0000"
    },
    "done": true
  },
  "handcrafted:recipes/misc/acacia_bench": {
    "criteria": {
      "has_acacia_bench": "2024-11-24 22:25:18 +0000"
    },
    "done": true
  },
  "handcrafted:recipes/misc/wolf_trophy": {
    "criteria": {
      "has_wolf_trophy": "2024-11-24 22:25:18 +0000"
    },
    "done": true
  },
  "minecraft:recipes/decorations/ladder": {
    "criteria": {
      "has_stick": "2024-11-24 22:25:38 +0000"
    },
    "done": true
  },
  "gobber2:recipes/misc/gobber2_hoe": {
    "criteria": {
      "has_stick": "2024-11-24 22:25:38 +0000"
    },
    "done": true
  },
  "gobber2:recipes/combat/gobber2_chestplate": {
    "criteria": {
      "has_stick": "2024-11-24 22:25:38 +0000"
    },
    "done": true
  },
  "gobber2:recipes/misc/gobber2_hammer": {
    "criteria": {
      "has_stick": "2024-11-24 22:25:38 +0000"
    },
    "done": true
  },
  "gobber2:recipes/combat/gobber2_leggings_end": {
    "criteria": {
      "has_stick": "2024-11-24 22:25:38 +0000"
    },
    "done": true
  },
  "gobber2:recipes/misc/gobber2_pickaxe_nether": {
    "criteria": {
      "has_stick": "2024-11-24 22:25:38 +0000"
    },
    "done": true
  },
  "gobber2:recipes/combat/gobber2_sword": {
    "criteria": {
      "has_stick": "2024-11-24 22:25:38 +0000"
    },
    "done": true
  },
  "minecraft:recipes/tools/wooden_axe": {
    "criteria": {
      "has_stick": "2024-11-24 22:25:38 +0000"
    },
    "done": true
  },
  "gobber2:recipes/misc/gobber2_medallion_nether": {
    "criteria": {
      "has_stick": "2024-11-24 22:25:38 +0000"
    },
    "done": true
  },
  "gobber2:recipes/misc/gobber2_shovel_nether": {
    "criteria": {
      "has_stick": "2024-11-24 22:25:38 +0000"
    },
    "done": true
  },
  "gobber2:recipes/misc/gobber2_hoe_nether": {
    "criteria": {
      "has_stick": "2024-11-24 22:25:38 +0000"
    },
    "done": true
  },
  "gobber2:recipes/combat/gobber2_chestplate_nether": {
    "criteria": {
      "has_stick": "2024-11-24 22:25:38 +0000"
    },
    "done": true
  },
  "gobber2:recipes/misc/gobber2_tree_axe_nether": {
    "criteria": {
      "has_stick": "2024-11-24 22:25:38 +0000"
    },
    "done": true
  },
  "gobber2:recipes/misc/gobber2_paxel": {
    "criteria": {
      "has_stick": "2024-11-24 22:25:38 +0000"
    },
    "done": true
  },
  "gobber2:recipes/misc/gobber2_excavator": {
    "criteria": {
      "has_stick": "2024-11-24 22:25:38 +0000"
    },
    "done": true
  },
  "gobber2:recipes/combat/gobber2_boots": {
    "criteria": {
      "has_stick": "2024-11-24 22:25:38 +0000"
    },
    "done": true
  },
  "gobber2:recipes/combat/gobber2_chestplate_end": {
    "criteria": {
      "has_stick": "2024-11-24 22:25:38 +0000"
    },
    "done": true
  },
  "gobber2:recipes/misc/gobber2_ring": {
    "criteria": {
      "has_stick": "2024-11-24 22:25:38 +0000"
    },
    "done": true
  },
  "gobber2:recipes/misc/gobber2_rod": {
    "criteria": {
      "has_stick": "2024-11-24 22:25:38 +0000"
    },
    "done": true
  },
  "gobber2:recipes/misc/gobber2_axe": {
    "criteria": {
      "has_stick": "2024-11-24 22:25:38 +0000"
    },
    "done": true
  },
  "gobber2:recipes/misc/gobber2_hoe_end": {
    "criteria": {
      "has_stick": "2024-11-24 22:25:38 +0000"
    },
    "done": true
  },
  "gobber2:recipes/misc/gobber2_excavator_nether": {
    "criteria": {
      "has_stick": "2024-11-24 22:25:38 +0000"
    },
    "done": true
  },
  "gobber2:recipes/combat/gobber2_leggings_nether": {
    "criteria": {
      "has_stick": "2024-11-24 22:25:38 +0000"
    },
    "done": true
  },
  "gobber2:recipes/misc/gobber2_rod_nether": {
    "criteria": {
      "has_stick": "2024-11-24 22:25:38 +0000"
    },
    "done": true
  },
  "gobber2:recipes/combat/gobber2_boots_end": {
    "criteria": {
      "has_stick": "2024-11-24 22:25:38 +0000"
    },
    "done": true
  },
  "gobber2:recipes/misc/gobber2_ring_nether": {
    "criteria": {
      "has_stick": "2024-11-24 22:25:38 +0000"
    },
    "done": true
  },
  "gobber2:recipes/misc/gobber2_shovel": {
    "criteria": {
      "has_stick": "2024-11-24 22:25:38 +0000"
    },
    "done": true
  },
  "gobber2:recipes/combat/gobber2_helmet_end": {
    "criteria": {
      "has_stick": "2024-11-24 22:25:38 +0000"
    },
    "done": true
  },
  "gobber2:recipes/combat/gobber2_sword_end": {
    "criteria": {
      "has_stick": "2024-11-24 22:25:38 +0000"
    },
    "done": true
  },
  "gobber2:recipes/misc/gobber2_bow": {
    "criteria": {
      "has_stick": "2024-11-24 22:25:38 +0000"
    },
    "done": true
  },
  "minecraft:recipes/decorations/campfire": {
    "criteria": {
      "has_stick": "2024-11-24 22:25:38 +0000"
    },
    "done": true
  },
  "minecraft:recipes/tools/wooden_hoe": {
    "criteria": {
      "has_stick": "2024-11-24 22:25:38 +0000"
    },
    "done": true
  },
  "gobber2:recipes/combat/gobber2_helmet": {
    "criteria": {
      "has_stick": "2024-11-24 22:25:38 +0000"
    },
    "done": true
  },
  "minecraft:recipes/tools/wooden_pickaxe": {
    "criteria": {
      "has_stick": "2024-11-24 22:25:38 +0000"
    },
    "done": true
  },
  "gobber2:recipes/misc/gobber2_pickaxe": {
    "criteria": {
      "has_stick": "2024-11-24 22:25:38 +0000"
    },
    "done": true
  },
  "gobber2:recipes/misc/gobber2_axe_end": {
    "criteria": {
      "has_stick": "2024-11-24 22:25:38 +0000"
    },
    "done": true
  },
  "gobber2:recipes/misc/gobber2_bow_nether": {
    "criteria": {
      "has_stick": "2024-11-24 22:25:38 +0000"
    },
    "done": true
  },
  "gobber2:recipes/misc/gobber2_medallion_end": {
    "criteria": {
      "has_stick": "2024-11-24 22:25:38 +0000"
    },
    "done": true
  },
  "minecraft:recipes/tools/wooden_shovel": {
    "criteria": {
      "has_stick": "2024-11-24 22:25:38 +0000"
    },
    "done": true
  },
  "gobber2:recipes/misc/gobber2_paxel_end": {
    "criteria": {
      "has_stick": "2024-11-24 22:25:38 +0000"
    },
    "done": true
  },
  "gobber2:recipes/misc/gobber2_tree_axe_end": {
    "criteria": {
      "has_stick": "2024-11-24 22:25:38 +0000"
    },
    "done": true
  },
  "gobber2:recipes/combat/gobber2_helmet_nether": {
    "criteria": {
      "has_stick": "2024-11-24 22:25:38 +0000"
    },
    "done": true
  },
  "gobber2:recipes/combat/gobber2_sword_nether": {
    "criteria": {
      "has_stick": "2024-11-24 22:25:38 +0000"
    },
    "done": true
  },
  "gobber2:recipes/misc/gobber2_pickaxe_end": {
    "criteria": {
      "has_stick": "2024-11-24 22:25:38 +0000"
    },
    "done": true
  },
  "gobber2:recipes/misc/gobber2_medallion": {
    "criteria": {
      "has_stick": "2024-11-24 22:25:38 +0000"
    },
    "done": true
  },
  "minecraft:recipes/combat/wooden_sword": {
    "criteria": {
      "has_stick": "2024-11-24 22:25:38 +0000"
    },
    "done": true
  },
  "gobber2:recipes/combat/gobber2_leggings": {
    "criteria": {
      "has_stick": "2024-11-24 22:25:38 +0000"
    },
    "done": true
  },
  "gobber2:recipes/misc/gobber2_rod_end": {
    "criteria": {
      "has_stick": "2024-11-24 22:25:38 +0000"
    },
    "done": true
  },
  "gobber2:recipes/misc/gobber2_axe_nether": {
    "criteria": {
      "has_stick": "2024-11-24 22:25:38 +0000"
    },
    "done": true
  },
  "gobber2:recipes/misc/gobber2_ring_end": {
    "criteria": {
      "has_stick": "2024-11-24 22:25:38 +0000"
    },
    "done": true
  },
  "gobber2:recipes/combat/gobber2_boots_nether": {
    "criteria": {
      "has_stick": "2024-11-24 22:25:38 +0000"
    },
    "done": true
  },
  "gobber2:recipes/misc/gobber2_excavator_end": {
    "criteria": {
      "has_stick": "2024-11-24 22:25:38 +0000"
    },
    "done": true
  },
  "gobber2:recipes/misc/gobber2_tree_axe": {
    "criteria": {
      "has_stick": "2024-11-24 22:25:38 +0000"
    },
    "done": true
  },
  "gobber2:recipes/misc/gobber2_hammer_nether": {
    "criteria": {
      "has_stick": "2024-11-24 22:25:38 +0000"
    },
    "done": true
  },
  "gobber2:recipes/misc/gobber2_bow_end": {
    "criteria": {
      "has_stick": "2024-11-24 22:25:38 +0000"
    },
    "done": true
  },
  "gobber2:recipes/misc/gobber2_hammer_end": {
    "criteria": {
      "has_stick": "2024-11-24 22:25:38 +0000"
    },
    "done": true
  },
  "gobber2:recipes/misc/gobber2_paxel_nether": {
    "criteria": {
      "has_stick": "2024-11-24 22:25:38 +0000"
    },
    "done": true
  },
  "gobber2:recipes/misc/gobber2_shovel_end": {
    "criteria": {
      "has_stick": "2024-11-24 22:25:38 +0000"
    },
    "done": true
  },
  "minecraft:adventure/root": {
    "criteria": {
      "killed_something": "2024-11-24 22:28:03 +0000"
    },
    "done": true
  },
  "minecraft:recipes/decorations/brown_banner": {
    "criteria": {
      "has_brown_wool": "2024-11-24 22:28:04 +0000"
    },
    "done": true
  },
  "minecraft:recipes/decorations/brown_bed": {
    "criteria": {
      "has_brown_wool": "2024-11-24 22:28:04 +0000"
    },
    "done": true
  },
  "minecraft:recipes/food/cooked_mutton_from_smoking": {
    "criteria": {
      "has_mutton": "2024-11-24 22:28:04 +0000"
    },
    "done": true
  },
  "minecraft:recipes/decorations/brown_carpet": {
    "criteria": {
      "has_brown_wool": "2024-11-24 22:28:04 +0000"
    },
    "done": true
  },
  "minecraft:recipes/decorations/painting": {
    "criteria": {
      "has_wool": "2024-11-24 22:28:04 +0000"
    },
    "done": true
  },
  "minecraft:recipes/food/cooked_mutton": {
    "criteria": {
      "has_mutton": "2024-11-24 22:28:04 +0000"
    },
    "done": true
  },
  "minecraft:recipes/food/cooked_mutton_from_campfire_cooking": {
    "criteria": {
      "has_mutton": "2024-11-24 22:28:04 +0000"
    },
    "done": true
  },
  "handcrafted:recipes/misc/brown_sheet": {
    "criteria": {
      "has_brown_sheet": "2024-11-24 22:28:04 +0000"
    },
    "done": true
  },
  "handcrafted:recipes/misc/brown_cushion": {
    "criteria": {
      "has_brown_cushion": "2024-11-24 22:28:04 +0000"
    },
    "done": true
  },
  "handcrafted:recipes/misc/white_sheet": {
    "criteria": {
      "has_white_sheet": "2024-11-24 22:28:33 +0000"
    },
    "done": true
  },
  "handcrafted:recipes/misc/white_cushion": {
    "criteria": {
      "has_white_cushion": "2024-11-24 22:28:33 +0000"
    },
    "done": true
  },
  "minecraft:recipes/decorations/white_carpet": {
    "criteria": {
      "has_white_wool": "2024-11-24 22:28:33 +0000"
    },
    "done": true
  },
  "minecraft:recipes/decorations/white_banner": {
    "criteria": {
      "has_white_wool": "2024-11-24 22:28:33 +0000"
    },
    "done": true
  },
  "minecraft:recipes/decorations/white_bed": {
    "criteria": {
      "has_white_wool": "2024-11-24 22:28:33 +0000"
    },
    "done": true
  },
  "minecraft:adventure/sleep_in_bed": {
    "criteria": {
      "slept_in_bed": "2024-11-24 22:30:44 +0000"
    },
    "done": true
  },
  "minecraft:recipes/decorations/chest": {
    "criteria": {
      "has_lots_of_items": "2024-11-24 22:31:00 +0000"
    },
    "done": true
  },
  "minecraft:recipes/decorations/black_glazed_terracotta": {
    "criteria": {
      "has_black_terracotta": "2024-11-24 22:31:31 +0000"
    },
    "done": true
  },
  "minecraft:recipes/decorations/white_glazed_terracotta": {
    "criteria": {
      "has_white_terracotta": "2024-11-24 22:31:33 +0000"
    },
    "done": true
  },
  "minecraft:recipes/decorations/light_gray_glazed_terracotta": {
    "criteria": {
      "has_light_gray_terracotta": "2024-11-24 22:31:34 +0000"
    },
    "done": true
  },
  "minecraft:husbandry/root": {
    "criteria": {
      "consumed_item": "2024-11-24 22:32:30 +0000"
    },
    "done": true
  },
  "minecraft:husbandry/balanced_diet": {
    "criteria": {
      "cooked_mutton": "2024-11-24 22:32:30 +0000"
    },
    "done": false
  },
  "deeperdarker:recipes/transportation/echo_boat": {
    "criteria": {
      "in_water": "2024-11-24 22:33:55 +0000"
    },
    "done": true
  },
  "deeperdarker:recipes/transportation/bloom_boat": {
    "criteria": {
      "in_water": "2024-11-24 22:33:55 +0000"
    },
    "done": true
  },
  "minecraft:recipes/transportation/cherry_boat": {
    "criteria": {
      "in_water": "2024-11-24 22:33:55 +0000"
    },
    "done": true
  },
  "minecraft:recipes/transportation/bamboo_raft": {
    "criteria": {
      "in_water": "2024-11-24 22:33:55 +0000"
    },
    "done": true
  },
  "minecraft:recipes/transportation/spruce_boat": {
    "criteria": {
      "in_water": "2024-11-24 22:33:55 +0000"
    },
    "done": true
  },
  "minecraft:recipes/transportation/birch_boat": {
    "criteria": {
      "in_water": "2024-11-24 22:33:55 +0000"
    },
    "done": true
  },
  "minecraft:recipes/transportation/oak_boat": {
    "criteria": {
      "in_water": "2024-11-24 22:33:55 +0000"
    },
    "done": true
  },
  "minecraft:recipes/transportation/mangrove_boat": {
    "criteria": {
      "in_water": "2024-11-24 22:33:55 +0000"
    },
    "done": true
  },
  "minecraft:recipes/transportation/acacia_boat": {
    "criteria": {
      "in_water": "2024-11-24 22:33:55 +0000"
    },
    "done": true
  },
  "minecraft:recipes/transportation/jungle_boat": {
    "criteria": {
      "in_water": "2024-11-24 22:33:55 +0000"
    },
    "done": true
  },
  "minecraft:recipes/transportation/dark_oak_boat": {
    "criteria": {
      "in_water": "2024-11-24 22:33:55 +0000"
    },
    "done": true
  },
  "minecraft:adventure/adventuring_time": {
    "criteria": {
      "minecraft:beach": "2024-11-24 22:34:07 +0000",
      "minecraft:river": "2024-11-24 22:34:02 +0000"
    },
    "done": false
  },
  "minecraft:recipes/building_blocks/emerald_block": {
    "criteria": {
      "has_emerald": "2024-11-24 22:34:52 +0000"
    },
    "done": true
  },
  "minecraft:recipes/building_blocks/coal_block": {
    "criteria": {
      "has_coal": "2024-11-24 22:34:54 +0000"
    },
    "done": true
  },
  "mcwlights:recipes/torches": {
    "criteria": {
      "has_wood": "2024-11-24 22:34:54 +0000"
    },
    "done": true
  },
  "minecraft:recipes/food/bread": {
    "criteria": {
      "has_wheat": "2024-11-24 22:35:05 +0000"
    },
    "done": true
  },
  "minecraft:recipes/building_blocks/hay_block": {
    "criteria": {
      "has_wheat": "2024-11-24 22:35:05 +0000"
    },
    "done": true
  },
  "minecraft:recipes/misc/map": {
    "criteria": {
      "has_compass": "2024-11-24 22:36:11 +0000"
    },
    "done": true
  },
  "hopo:minecraft/adventure/locate_all_underwater_structures": {
    "criteria": {
      "locate_shipwreck": "2024-11-24 22:44:11 +0000"
    },
    "done": false
  },
  "minecraft:recipes/building_blocks/spruce_wood": {
    "criteria": {
      "has_log": "2024-11-24 22:48:36 +0000"
    },
    "done": true
  },
  "minecraft:recipes/building_blocks/spruce_planks": {
    "criteria": {
      "has_logs": "2024-11-24 22:48:36 +0000"
    },
    "done": true
  },
  "mcwfurnitures:recipes/spruce": {
    "criteria": {
      "has_wood": "2024-11-24 22:48:36 +0000"
    },
    "done": true
  },
  "mcwdoors:recipes/spruce": {
    "criteria": {
      "has_wood": "2024-11-24 22:48:36 +0000"
    },
    "done": true
  },
  "DataVersion": 3953
}